ระยะเวลา เริ่มต้นมกราคม 2566 สิ้นสุดกันยายน 2568,,,,,,,,,,,,,,,,,,
ปีฐาน (2566 = 100),,,,,,,,,,,,,,,,,,
มุมมองข้อมูล Index ดัชนีราคาผู้บริโภคทั่วไปของ ประเทศ,,,,,,,,,,,,,,,,,,
วันที่ดาวน์โหลดไฟล์ 28 ตุลาคม 2568 19:54:38น.,,,,,,,,,,,,,,,,,,
รหัส,หมวด,ปี,ม.ค.,ก.พ.,มี.ค.,เม.ย.,พ.ค.,มิ.ย.,ก.ค.,ส.ค.,ก.ย.,ต.ค.,พ.ย.,ธ.ค.,,,,
00000,รวมทุกรายการ,2568,100.57,100.55,100.35,100.14,100.40,100.42,100.15,100.14,100.11,-,-,-,,,,
10000,หมวดอาหารและเครื่องดื่มไม่มีแอลกอฮอล์,2568,101.16,101.08,101.27,101.76,102.40,102.47,101.86,101.71,101.81,-,-,-,,,,
11000,อาหารปรุงที่บ้าน,2568,99.99,99.72,100.26,100.93,101.42,101.50,100.42,99.94,100.13,-,-,-,,,,
11100,ข้าว  แป้งและผลิตภัณฑ์จากแป้ง,2568,103.85,103.29,103.82,103.66,103.92,103.25,103.06,102.97,102.62,-,-,-,,,,
11110,ข้าว,2568,104.50,103.67,104.23,104.02,104.41,103.50,103.47,103.21,102.68,-,-,-,,,,
11120,แป้งและผลิตภัณฑ์จากแป้ง,2568,101.81,101.99,102.42,102.39,102.31,102.31,101.65,102.06,102.20,-,-,-,,,,
11121,แป้ง,2568,100.97,100.81,101.12,101.05,99.82,100.53,100.13,100.20,100.90,-,-,-,,,,
11122,ผลิตภัณฑ์จากแป้ง,2568,101.83,102.03,102.46,102.43,102.38,102.37,101.70,102.11,102.23,-,-,-,,,,
11200,เนื้อสัตว์ เป็ดไก่ และสัตว์น้ำ,2568,97.95,98.53,99.27,101.43,102.39,101.96,101.11,100.39,99.07,-,-,-,,,,
11210,เนื้อสัตว์,2568,93.07,94.09,95.55,100.11,102.18,100.94,98.68,96.68,93.90,-,-,-,,,,
11211,เนื้อสัตว์สด,2568,92.04,93.19,94.82,99.97,102.40,101.05,98.46,96.21,93.04,-,-,-,,,,
11212,เนื้อสัตว์แปรรูป,2568,100.24,100.31,100.56,100.89,100.31,99.90,100.01,99.82,99.90,-,-,-,,,,
11220,เป็ด ไก่,2568,100.09,100.33,100.04,100.27,100.53,100.72,100.56,100.33,99.88,-,-,-,,,,
11221,เป็ด ไก่  สด,2568,100.56,100.80,100.51,100.74,101.00,101.20,101.03,100.80,100.35,-,-,-,,,,
11222,เป็ด ไก่  สำเร็จรูปและแปรรูป,2568,-,-,-,-,-,-,-,-,-,-,-,-,,,,
11230,ปลาและสัตว์น้ำ,2568,102.09,102.33,102.63,102.93,102.97,103.19,103.56,104.01,103.89,-,-,-,,,,
11231,ปลาน้ำจืดสด,2568,103.57,103.99,104.12,104.52,104.92,104.89,105.03,105.51,105.73,-,-,-,,,,
11232,ปลาน้ำทะเลสด,2568,96.96,96.04,97.86,98.51,98.82,99.88,103.22,103.64,102.44,-,-,-,,,,
11233,สัตว์น้ำ,2568,102.20,102.91,102.92,103.11,102.10,102.30,102.18,102.80,102.48,-,-,-,,,,
11234,ปลาแปรรูป,2568,102.23,102.24,102.34,102.44,103.05,103.32,103.18,103.30,103.29,-,-,-,,,,
11235,สัตว์น้ำแปรรูป,2568,104.77,104.92,105.42,105.66,105.52,105.47,105.32,106.13,106.97,-,-,-,,,,
11300,ไข่และผลิตภัณฑ์นม,2568,101.17,100.48,98.89,97.96,100.14,99.82,100.58,100.36,100.41,-,-,-,,,,
11310,ไข่,2568,99.11,97.81,94.09,93.51,98.33,98.19,98.33,98.01,98.46,-,-,-,,,,
11320,นมและผลิตภัณฑ์นม,2568,102.91,102.76,103.06,101.82,101.66,101.19,102.49,102.36,102.07,-,-,-,,,,
11400,ผักและผลไม้,2568,97.53,95.52,96.21,95.94,95.65,97.50,93.98,93.34,96.07,-,-,-,,,,
11410,ผักสดแปรรูปและอื่นๆ,2568,93.90,89.62,91.05,91.02,92.09,98.18,93.84,91.83,93.85,-,-,-,,,,
11411,ผักสด,2568,93.75,88.99,91.01,91.11,92.58,100.17,95.10,92.41,94.33,-,-,-,,,,
11412,ผักแปรรูปและอื่นๆ,2568,93.48,91.81,90.12,89.31,88.26,86.08,85.80,87.51,90.00,-,-,-,,,,
11420,ผลไม้สดแปรรูปและอื่นๆ,2568,102.58,103.32,103.09,102.54,100.59,97.32,94.76,95.78,99.40,-,-,-,,,,
11421,ผลไม้สด,2568,102.53,103.29,103.06,102.50,100.52,97.20,94.60,95.65,99.32,-,-,-,,,,
11422,ผลไม้แปรรูปและอื่น ๆ,2568,105.59,105.18,105.28,105.13,104.96,105.56,105.35,104.14,104.14,-,-,-,,,,
11500,เครื่องประกอบอาหาร,2568,102.69,104.37,105.85,105.52,105.07,103.46,102.02,101.34,101.52,-,-,-,,,,
11510,ผลิตภัณฑ์น้ำตาล,2568,-,-,-,-,-,-,-,-,-,-,-,-,,,,
11511,น้ำตาลและขนมหวาน,2568,-,-,-,-,-,-,-,-,-,-,-,-,,,,
11520,เครื่องปรุงอาหาร,2568,102.42,104.09,105.57,105.24,104.79,103.18,101.75,101.07,101.25,-,-,-,,,,
11521,น้ำมันและไขมัน,2568,104.06,108.17,112.00,112.43,111.28,107.21,102.32,100.95,101.73,-,-,-,,,,
11522,เครื่องปรุงรส,2568,101.44,101.67,101.74,100.95,100.93,100.78,101.41,101.15,100.96,-,-,-,,,,
11600,เครื่องดื่มไม่มีแอลกอฮอล์,2568,104.02,104.18,105.02,105.99,106.41,106.47,106.66,106.35,106.69,-,-,-,,,,
11700,ผลิตภัณฑ์น้ำตาล,2568,104.02,104.38,104.39,104.51,104.70,104.66,104.77,104.53,104.81,-,-,-,,,,
11710,น้ำตาลและขนมหวาน,2568,104.02,104.38,104.39,104.51,104.70,104.66,104.77,104.53,104.81,-,-,-,,,,
12000,อาหารสำเร็จรูป,2568,103.04,103.22,102.91,103.17,104.01,104.05,104.11,104.42,104.40,-,-,-,,,,
12100,อาหารบริโภค-ในบ้าน,2568,-,-,-,-,-,-,-,-,-,-,-,-,,,,
12200,อาหารบริโภค-นอกบ้าน,2568,-,-,-,-,-,-,-,-,-,-,-,-,,,,
12300,อาหารพร้อมทาน,2568,102.79,103.06,103.04,103.16,103.83,104.26,104.32,104.32,104.37,-,-,-,,,,
12400,อาหารจากร้านยอดนิยม,2568,102.57,102.57,102.57,102.57,102.57,102.57,102.57,102.65,102.65,-,-,-,,,,
12500,อาหารฟาสต์ฟู้ด/delivery,2568,105.33,103.54,94.99,99.53,106.52,96.48,96.48,105.57,103.45,-,-,-,,,,
20000,หมวดเครื่องนุ่งห่มและรองเท้า,2568,99.55,99.36,99.35,99.19,98.92,98.79,98.46,98.40,98.12,-,-,-,,,,
21000,ผ้าและเสื้อผ้า,2568,99.47,99.24,99.23,99.06,98.72,98.57,98.17,98.07,97.72,-,-,-,,,,
21100,บุรุษ,2568,99.03,98.55,98.32,97.99,97.57,97.52,97.12,97.06,96.79,-,-,-,,,,
21110,ผ้าบุรุษ,2568,-,-,-,-,-,-,-,-,-,-,-,-,,,,
21120,เครื่องแบบชาย,2568,101.34,101.34,101.37,101.37,101.62,101.62,101.62,101.62,101.63,-,-,-,,,,
21130,เสื้อบุรุษ,2568,98.34,97.44,97.25,96.70,96.21,95.99,95.48,95.43,95.23,-,-,-,,,,
21140,กางเกงบุรุษ,2568,98.49,98.53,98.07,97.99,97.42,97.69,97.25,97.17,96.73,-,-,-,,,,
21150,เสื้อผ้าบุรุษอื่นๆ,2568,101.39,101.39,101.40,101.23,101.15,101.12,101.09,101.02,100.95,-,-,-,,,,
21160,เครื่องประดับบุรุษ,2568,98.76,98.76,98.76,98.84,98.32,98.32,98.51,98.33,96.97,-,-,-,,,,
21200,สตรี,2568,99.38,99.21,99.32,99.27,98.85,98.60,98.06,97.95,97.38,-,-,-,,,,
21210,ผ้าสตรี,2568,-,-,-,-,-,-,-,-,-,-,-,-,,,,
21220,เครื่องแบบหญิง,2568,101.91,101.91,101.93,101.94,102.14,102.16,102.16,102.16,102.15,-,-,-,,,,
21230,เสื้อสตรี,2568,98.87,98.67,98.53,98.44,97.96,97.67,97.07,97.01,96.10,-,-,-,,,,
21240,กางเกงสตรีและกระโปรงสตรี,2568,99.55,99.40,100.12,100.12,99.63,99.40,98.77,98.56,98.58,-,-,-,,,,
21250,เสื้อผ้าสตรีอื่นๆ,2568,100.36,100.36,100.40,100.40,100.64,100.77,100.77,100.70,100.70,-,-,-,,,,
21260,เครื่องประดับสตรี,2568,-,-,-,-,-,-,-,-,-,-,-,-,,,,
21300,เด็ก,2568,100.17,100.17,100.25,100.06,99.95,99.74,99.56,99.33,99.28,-,-,-,,,,
21310,เครื่องแบบเด็ก,2568,102.93,102.93,102.93,102.93,103.23,103.23,103.23,103.23,103.21,-,-,-,,,,
21320,เสื้อเด็ก,2568,98.26,98.26,98.62,98.26,97.39,97.17,96.62,95.72,95.65,-,-,-,,,,
21330,กางเกงเด็ก,2568,98.62,98.62,98.62,98.77,98.83,98.07,97.93,97.93,97.75,-,-,-,,,,
21340,เสื้อผ้าเด็กอื่นๆ,2568,99.99,99.99,99.90,99.40,99.57,99.61,99.61,99.72,99.72,-,-,-,,,,
21400,ค่าจ้างตัดเย็บและอุปกรณ์,2568,100.24,100.27,100.32,100.32,100.32,100.32,100.36,100.36,100.36,-,-,-,,,,
21410,ค่าจ้าง,2568,100.24,100.27,100.32,100.32,100.32,100.32,100.36,100.36,100.36,-,-,-,,,,
21420,อุปกรณ์,2568,-,-,-,-,-,-,-,-,-,-,-,-,,,,
22000,ผลิตภัณฑ์รองเท้า,2568,100.07,100.01,100.01,99.85,99.83,99.79,99.73,99.82,99.79,-,-,-,,,,
22100,รองเท้าบุรุษ,2568,99.87,99.87,99.87,99.87,99.87,99.81,99.87,99.88,99.81,-,-,-,,,,
22110,รองเท้าหุ้มส้นบุรุษ,2568,98.47,98.47,98.47,98.47,98.47,98.47,98.47,98.51,98.37,-,-,-,,,,
22120,รองเท้ากีฬาและผ้าใบบุรุษ,2568,100.03,100.03,100.03,100.03,100.03,99.84,100.03,100.03,100.03,-,-,-,,,,
22130,รองเท้าแตะบุรุษ,2568,100.36,100.36,100.36,100.36,100.36,100.36,100.36,100.36,100.33,-,-,-,,,,
22200,รองเท้าสตรี,2568,100.06,99.87,99.87,99.46,99.46,99.38,99.18,99.33,99.36,-,-,-,,,,
22210,รองเท้าหุ้มส้นสตรี,2568,99.76,99.76,99.76,99.76,99.76,99.70,99.70,99.74,99.57,-,-,-,,,,
22220,รองเท้ากีฬาและผ้าใบสตรี,2568,100.03,100.03,100.03,100.03,100.03,99.65,99.99,99.59,99.59,-,-,-,,,,
22230,รองเท้าแตะสตรี,2568,100.31,99.84,99.84,98.82,98.82,98.82,98.19,98.68,98.94,-,-,-,,,,
22300,รองเท้าเด็ก,2568,100.58,100.71,100.71,100.63,100.52,100.69,100.60,100.78,100.68,-,-,-,,,,
22310,รองเท้าหุ้มส้นเด็ก,2568,100.01,100.28,100.28,100.11,99.86,100.19,99.98,99.98,99.98,-,-,-,,,,
22320,รองเท้ากีฬาและผ้าใบเด็ก,2568,101.17,101.17,101.17,101.17,101.23,101.33,101.36,101.36,101.36,-,-,-,,,,
22330,รองเท้าแตะเด็ก,2568,100.44,100.44,100.44,100.44,100.44,100.44,100.44,100.91,100.66,-,-,-,,,,
22400,ค่าซ่อมแซมและดูแลรักษา,2568,102.31,102.31,102.31,102.31,102.45,102.45,102.45,102.45,102.45,-,-,-,,,,
22410,ค่าซ่อมแซม,2568,102.31,102.31,102.31,102.31,102.45,102.45,102.45,102.45,102.45,-,-,-,,,,
22420,ค่าดูแลรักษา,2568,-,-,-,-,-,-,-,-,-,-,-,-,,,,
30000,หมวดเคหสถาน,2568,100.21,100.26,99.81,99.17,99.51,99.45,99.58,99.60,99.41,-,-,-,,,,
31000,ค่าที่พักอาศัย,2568,100.35,100.38,100.29,100.33,100.36,100.35,100.50,100.45,100.52,-,-,-,,,,
31100,ค่าเช่า,2568,100.34,100.37,100.45,100.46,100.48,100.52,100.53,100.55,100.56,-,-,-,,,,
31200,การประกันอัคคีภัย,2568,100.00,100.00,100.00,100.00,100.00,100.00,100.00,100.00,100.00,-,-,-,,,,
31300,วัสดุก่อสร้าง,2568,100.28,100.26,100.40,100.22,100.30,100.27,100.69,100.58,100.65,-,-,-,,,,
31400,เครื่องสุขภัณฑ์,2568,100.22,99.78,99.66,99.36,98.13,98.16,98.54,98.56,98.71,-,-,-,,,,
31500,ค่าแรง,2568,101.24,101.24,97.73,98.66,98.66,97.73,100.54,99.16,100.59,-,-,-,,,,
31600,อุปกรณ์ซ่อมแซมบ้าน,2568,99.35,99.46,99.48,99.42,99.48,99.32,99.28,99.33,99.29,-,-,-,,,,
32000,ไฟฟ้า  เชื้อเพลิง  น้ำประปาและแสงสว่าง,2568,100.59,100.58,99.21,96.33,97.75,97.75,97.80,97.80,97.08,-,-,-,,,,
32100,ไฟฟ้า,2568,100.60,100.60,98.72,94.82,96.75,96.75,96.75,96.75,95.77,-,-,-,,,,
32200,เชื้อเพลิงในบ้าน,2568,100.87,100.87,100.88,100.88,100.89,100.90,101.25,101.25,101.26,-,-,-,,,,
32300,น้ำประปา,2568,100.06,100.06,100.06,100.06,100.06,100.06,100.06,100.06,100.06,-,-,-,,,,
32400,แสงสว่าง,2568,100.82,100.69,101.89,101.22,101.59,101.59,102.16,102.27,102.29,-,-,-,,,,
33000,สิ่งทอสำหรับใช้ในบ้าน,2568,99.90,99.28,99.25,98.11,97.94,97.68,96.80,97.34,97.24,-,-,-,,,,
34000,เครื่องใช้เบ็ดเตล็ดในบ้าน,2568,99.83,99.81,99.78,99.64,99.69,99.35,100.02,100.17,99.93,-,-,-,,,,
35000,เครื่องแต่งบ้านและบริภัณฑ์อื่นๆ,2568,99.02,99.15,99.11,98.53,98.32,98.33,98.43,98.35,98.04,-,-,-,,,,
35100,เครื่องแต่งบ้าน,2568,100.06,100.15,100.25,99.96,100.04,99.87,100.01,99.60,99.52,-,-,-,,,,
35200,บริภัณฑ์อื่น ๆ,2568,98.71,98.85,98.76,98.08,97.76,97.84,97.93,97.96,97.58,-,-,-,,,,
36000,สิ่งที่เกี่ยวกับทำความสะอาด,2568,98.06,98.69,97.57,97.80,97.69,96.99,97.37,98.03,97.05,-,-,-,,,,
37000,คนรับใช้ / คนงาน,2568,100.73,100.73,100.73,100.79,100.79,100.81,100.81,100.82,101.04,-,-,-,,,,
40000,หมวดการตรวจรักษาและบริการส่วนบุคคล,2568,99.93,99.99,99.32,99.45,99.52,99.36,98.75,99.24,98.69,-,-,-,,,,
41000,ค่าตรวจรักษาและค่ายา,2568,100.88,100.85,100.81,100.83,100.90,101.03,101.18,101.17,101.19,-,-,-,,,,
41100,ค่ายาและเวชภัณฑ์,2568,101.61,101.53,101.39,101.44,101.57,101.87,102.22,102.19,102.20,-,-,-,,,,
41110,ค่ายา,2568,101.72,101.64,101.70,101.84,102.00,102.10,102.55,102.58,102.63,-,-,-,,,,
41120,เวชภัณฑ์,2568,99.36,99.29,98.72,98.58,98.66,99.38,99.49,99.32,99.27,-,-,-,,,,
41200,ค่ารักษาพยาบาล,2568,100.37,100.38,100.41,100.42,100.43,100.44,100.44,100.46,100.48,-,-,-,,,,
41210,คนไข้นอก,2568,100.33,100.34,100.39,100.39,100.40,100.41,100.42,100.42,100.45,-,-,-,,,,
41211,ค่าตรวจโรครักษา ค่าบริการ และค่ายาของคนไข้นอก,2568,100.32,100.32,100.32,100.32,100.32,100.32,100.32,100.32,100.36,-,-,-,,,,
41212,ค่าทำฟัน,2568,100.31,100.35,100.47,100.47,100.52,100.52,100.54,100.54,100.57,-,-,-,,,,
41213,ค่าตรวจสายตา,2568,99.96,99.96,99.96,99.96,99.96,99.96,99.96,99.96,99.96,-,-,-,,,,
41214,ค่าบริการด้านรังสี,2568,100.52,100.52,100.52,100.55,100.55,100.81,100.81,100.81,100.81,-,-,-,,,,
41215,ค่าบริการอื่น ๆ,2568,100.48,100.48,100.48,100.48,100.48,100.48,100.48,100.56,100.56,-,-,-,,,,
41216,ค่าตรวจวินิจฉัยทางห้องปฏิบัติการ,2568,100.51,100.51,100.51,100.51,100.59,100.59,100.59,100.59,100.59,-,-,-,,,,
41220,คนไข้ใน,2568,100.47,100.47,100.48,100.51,100.51,100.51,100.51,100.56,100.57,-,-,-,,,,
41221,ค่าห้องพักคนไข้,2568,101.01,101.01,101.06,101.16,101.18,101.18,101.18,101.40,101.44,-,-,-,,,,
41222,ค่าตรวจรักษา ค่าบริการ และค่ายาของคนไข้ใน,2568,100.02,100.02,100.02,100.02,100.02,100.02,100.02,100.02,100.02,-,-,-,,,,
41224,ค่าบริการอื่น ๆ,2568,100.97,100.97,100.97,100.97,100.97,100.97,100.97,100.97,100.97,-,-,-,,,,
42000,ค่าใช้จ่ายส่วนบุคคล,2568,99.67,99.77,98.73,98.94,99.01,98.70,97.69,98.46,97.58,-,-,-,,,,
42100,ค่าของใช้ส่วนบุคคล,2568,98.95,98.95,97.70,97.76,97.82,97.45,96.23,97.11,96.05,-,-,-,,,,
42200,ค่าบริการส่วนบุคคล,2568,103.18,103.82,103.86,104.85,104.98,104.99,105.06,105.29,105.30,-,-,-,,,,
42210,ค่าบริการส่วนบุคคลเพื่อความสวยงาม,2568,103.16,103.80,103.80,104.75,104.89,104.89,104.95,105.19,105.20,-,-,-,,,,
42220,ค่าบริการส่วนบุคคลเพื่อความผ่อนคลาย,2568,103.87,104.40,105.86,108.28,108.45,108.55,108.76,109.05,109.05,-,-,-,,,,
43000,ค่าบัตรประกันสุขภาพและประกันชีวิต,2568,100.00,100.00,100.00,100.00,100.00,100.00,100.00,100.00,100.00,-,-,-,,,,
50000,หมวดพาหนะ การขนส่ง และการสื่อสาร,2568,100.01,99.98,99.47,98.33,98.00,98.10,98.01,98.05,98.12,-,-,-,,,,
51000,ค่าโดยสารสาธารณะ,2568,99.44,102.39,102.72,102.81,101.08,100.87,100.51,100.70,100.69,-,-,-,,,,
51100,ค่าโดยสารในท้องถิ่น,2568,97.68,101.40,101.41,101.41,101.41,101.80,101.80,101.86,101.86,-,-,-,,,,
51200,ค่าโดยสารนอกท้องถิ่น,2568,104.02,105.82,106.68,106.91,102.49,101.32,100.41,100.81,100.78,-,-,-,,,,
52000,ยานพาหนะและน้ำมันเชื้อเพลิง,2568,100.07,99.73,98.95,97.12,96.81,96.98,96.88,96.93,97.03,-,-,-,,,,
52100,ค่าซื้อยานพาหนะ,2568,100.02,100.02,99.81,100.02,100.01,100.06,100.12,100.19,100.21,-,-,-,,,,
52110,ยานพาหนะ,2568,100.01,100.01,99.79,100.02,100.01,100.02,100.03,100.06,100.08,-,-,-,,,,
52120,อุปกรณ์ยานพาหนะ,2568,100.17,100.14,100.10,100.08,100.00,100.61,101.27,101.80,101.74,-,-,-,,,,
52200,น้ำมันเชื้อเพลิง,2568,99.97,99.30,98.01,94.50,93.82,94.09,93.87,93.88,94.05,-,-,-,,,,
52300,ค่าบริการบำรุงรักษายานยนต์,2568,101.90,102.19,102.30,100.27,102.18,102.36,102.24,102.45,102.55,-,-,-,,,,
53000,ค่าภาษีและประกันภัยรถยนต์,2568,100.00,100.00,100.00,100.00,100.00,100.00,100.00,100.00,100.00,-,-,-,,,,
53100,ค่าภาษี,2568,100.00,100.00,100.00,100.00,100.00,100.00,100.00,100.00,100.00,-,-,-,,,,
53200,ค่าประกันภัยรถ,2568,100.00,100.00,100.00,100.00,100.00,100.00,100.00,100.00,100.00,-,-,-,,,,
53300,ค่าใช้จ่ายที่เกี่ยวกับรถ,2568,100.00,100.04,100.06,100.06,100.06,99.97,99.97,99.97,100.03,-,-,-,,,,
54000,การสื่อสาร,2568,100.02,100.02,99.98,100.39,100.39,100.39,100.39,100.39,100.38,-,-,-,,,,
54100,ค่าบริการการสื่อสาร,2568,100.07,100.07,100.07,100.51,100.51,100.51,100.51,100.51,100.51,-,-,-,,,,
54200,เครื่องรับอุปกรณ์สื่อสาร,2568,98.45,98.42,97.36,97.34,97.13,97.16,97.32,97.22,96.91,-,-,-,,,,
60000,หมวดการบันเทิงการอ่าน การศึกษา และการศาสนา,2568,100.71,100.71,100.69,100.87,101.03,101.21,101.17,101.20,101.17,-,-,-,,,,
61000,การบันเทิงและการอ่าน,2568,100.24,100.26,100.17,100.74,100.71,100.82,100.78,100.84,100.77,-,-,-,,,,
61100,ค่าธรรมเนียมและค่าสมาชิก,2568,99.91,99.91,100.10,100.51,100.81,100.82,100.88,101.01,100.90,-,-,-,,,,
61200,ค่าอุปกรณ์กีฬาและเครื่องเล่น,2568,100.02,99.88,99.55,100.28,100.56,100.83,100.90,100.85,101.08,-,-,-,,,,
61210,อุปกรณ์กีฬา,2568,-,-,-,-,-,-,-,-,-,-,-,-,,,,
61220,ของเล่น,2568,100.10,100.10,100.10,100.31,100.31,100.41,100.41,100.41,100.41,-,-,-,,,,
61230,ค่าถ่ายรูปและค่าฟิล์ม,2568,-,-,-,-,-,-,-,-,-,-,-,-,,,,
61240,ค่าการบันเทิง,2568,100.00,100.00,100.00,103.82,103.82,103.82,103.82,104.43,104.43,-,-,-,,,,
61250,ค่าใช้จ่ายเกี่ยวกับสัตว์เลี้ยง,2568,100.04,99.84,99.39,100.05,100.44,100.81,100.90,100.78,101.10,-,-,-,,,,
61260,ค่าใช้จ่ายเกี่ยวกับการทำสวนประดับบ้าน,2568,100.00,100.00,100.00,100.00,100.00,100.00,100.00,100.00,100.00,-,-,-,,,,
61300,ค่าอุปกรณ์การบันเทิง,2568,95.80,95.76,95.50,94.93,94.06,93.17,92.38,92.42,92.28,-,-,-,,,,
61400,ค่าใช้จ่ายเกี่ยวกับการอ่าน,2568,100.00,100.00,100.00,100.00,100.00,100.00,100.00,100.00,100.00,-,-,-,,,,
61500,ค่าใช้จ่ายในการเดินทางโอกาสพิเศษและท่องเที่ยว,2568,100.35,100.45,100.46,101.03,100.89,100.99,100.94,101.05,100.85,-,-,-,,,,
62000,การศึกษา,2568,101.76,101.77,101.77,101.78,102.28,102.67,102.67,102.67,102.67,-,-,-,,,,
62100,ค่าเล่าเรียนและค่าธรรมเนียมการศึกษา,2568,101.79,101.79,101.79,101.79,102.37,102.81,102.81,102.81,102.81,-,-,-,,,,
62110,การศึกษาระดับประถมศึกษา,2568,102.07,102.07,102.07,102.07,103.10,103.48,103.48,103.48,103.48,-,-,-,,,,
62120,การศึกษาระดับมัธยมศึกษาสายสามัญ,2568,103.59,103.59,103.59,103.59,104.55,105.16,105.16,105.16,105.16,-,-,-,,,,
62130,การศึกษาระดับมัธยมศึกษา ด้านเทคนิคและอาชีวะ,2568,101.45,101.45,101.45,101.45,101.70,101.92,101.92,101.92,101.92,-,-,-,,,,
62140,การศึกษาระดับอุดมศึกษา,2568,100.76,100.76,100.76,100.76,100.78,101.36,101.36,101.36,101.36,-,-,-,,,,
62150,ค่าเรียนพิเศษ,2568,100.00,100.00,100.00,100.00,100.00,100.00,100.00,100.00,100.00,-,-,-,,,,
62200,หนังสือและอุปกรณ์การศึกษา,2568,100.00,100.00,100.00,100.07,100.06,100.07,100.07,100.07,100.07,-,-,-,,,,
62210,หนังสือ,2568,100.00,100.00,100.00,100.00,100.00,100.00,100.00,100.00,100.00,-,-,-,,,,
62211,หนังสือแบบเรียนเอกชน,2568,100.00,100.00,100.00,100.00,100.00,100.00,100.00,100.00,100.00,-,-,-,,,,
62212,หนังสือแบบเรียนรัฐบาล,2568,-,-,-,-,-,-,-,-,-,-,-,-,,,,
62220,อุปกรณ์เกี่ยวกับการศึกษา,2568,100.00,100.00,100.00,100.15,100.14,100.15,100.15,100.15,100.15,-,-,-,,,,
62300,ค่าใช้จ่ายอื่น ๆ เกี่ยวกับการศึกษา,2568,109.84,110.33,110.33,110.33,110.59,110.59,110.59,110.59,110.59,-,-,-,,,,
63000,การศาสนา,2568,100.26,100.23,100.27,100.16,100.05,100.04,99.92,99.97,99.96,-,-,-,,,,
63100,ค่าอาหาร ของถวายพระ ไหว้เจ้าและอื่น ๆ,2568,100.26,100.23,100.27,100.16,100.05,100.04,99.92,99.97,99.96,-,-,-,,,,
63110,เครื่องถวายพระ,2568,100.26,100.23,100.27,100.16,100.05,100.04,99.92,99.97,99.96,-,-,-,,,,
70000,หมวดยาสูบและเครื่องดื่มมีแอลกอฮอล์,2568,101.38,101.29,101.33,101.33,101.33,101.33,101.32,101.27,101.27,-,-,-,,,,
71000,ผลิตภัณฑ์ยาสูบ,2568,101.34,101.34,101.34,101.34,101.34,101.34,101.34,101.34,101.34,-,-,-,,,,
72000,เครื่องดื่มมีแอลกอฮอลล์,2568,101.40,101.27,101.33,101.33,101.33,101.33,101.31,101.23,101.23,-,-,-,,,,
72100,ผลิตภัณฑ์เบียร์,2568,100.22,100.11,100.21,100.21,100.21,100.22,100.19,100.08,100.07,-,-,-,,,,
72200,ผลิตภัณฑ์ไวน์,2568,98.88,98.76,98.78,98.78,98.77,98.77,98.74,98.74,98.74,-,-,-,,,,
72300,ผลิตภัณฑ์สุรา,2568,104.68,104.49,104.46,104.46,104.46,104.46,104.46,104.46,104.46,-,-,-,,,,
80000,หมวดอื่น ๆ ไม่ใช่อาหาร และเครื่องดื่ม,2568,100.16,100.17,99.73,99.06,99.09,99.09,99.03,99.11,98.98,-,-,-,,,,
81000,ไม่รวมอาหาร เครื่องดื่ม และพลังงาน,2568,100.14,100.26,100.08,100.17,100.15,100.11,100.07,100.16,100.07,-,-,-,,,,
82000,อาหารและเครื่องดื่ม (ไม่รวมอาหารสด),2568,103.13,103.39,103.37,103.69,104.38,104.33,104.32,104.47,104.52,-,-,-,,,,
90000,กลุ่มอาหารสดและพลังงาน,2568,99.66,99.19,98.83,97.75,98.18,98.37,97.54,97.24,97.24,-,-,-,,,,
91000,อาหารสด,2568,99.23,98.72,99.17,99.88,100.46,100.66,99.32,98.80,98.97,-,-,-,,,,
92000,พลังงาน,2568,100.28,99.86,98.42,94.92,95.13,95.30,95.15,95.16,94.95,-,-,-,,,,
96000,"CPI ไม่รวมน้ำมัน 91 , 95 , ดีเซล และรายการของ คน.",2568,-,-,-,-,-,-,-,-,-,-,-,-,,,,
93000,ดัชนีราคาผู้บริโภคพื้นฐาน,2568,101.08,101.25,101.12,101.28,101.47,101.43,101.40,101.51,101.46,-,-,-,,,,
00000,รวมทุกรายการ,2567,99.26,99.48,99.51,100.36,100.98,100.67,100.86,100.94,100.84,100.77,100.64,100.47,,,,
10000,หมวดอาหารและเครื่องดื่มไม่มีแอลกอฮอล์,2567,99.39,99.07,98.94,100.13,101.50,100.82,101.01,101.79,102.05,101.93,101.50,100.98,,,,
11000,อาหารปรุงที่บ้าน,2567,98.70,98.17,97.95,99.86,102.08,100.95,100.67,101.77,101.86,101.56,100.78,99.84,,,,
11100,ข้าว  แป้งและผลิตภัณฑ์จากแป้ง,2567,101.90,102.58,102.58,101.92,101.65,102.45,102.26,102.60,103.01,103.11,104.20,104.46,,,,
11110,ข้าว,2567,102.22,103.03,103.13,102.18,101.80,102.85,102.61,103.02,103.57,103.67,105.05,105.37,,,,
11120,แป้งและผลิตภัณฑ์จากแป้ง,2567,100.95,101.21,100.92,101.13,101.22,101.24,101.22,101.32,101.31,101.42,101.61,101.70,,,,
11121,แป้ง,2567,100.32,99.85,100.97,99.88,99.69,99.04,101.17,101.11,101.68,100.58,101.03,100.98,,,,
11122,ผลิตภัณฑ์จากแป้ง,2567,100.97,101.25,100.91,101.16,101.26,101.30,101.22,101.32,101.30,101.45,101.63,101.72,,,,
11200,เนื้อสัตว์ เป็ดไก่ และสัตว์น้ำ,2567,97.55,97.18,96.34,96.56,97.15,97.12,97.05,97.13,97.40,97.31,97.67,97.67,,,,
11210,เนื้อสัตว์,2567,93.94,93.62,91.81,92.35,93.37,93.07,92.90,93.09,93.44,93.09,93.19,92.94,,,,
11211,เนื้อสัตว์สด,2567,93.04,92.67,90.51,91.14,92.38,91.98,91.81,92.09,92.38,92.10,92.12,91.91,,,,
11212,เนื้อสัตว์แปรรูป,2567,100.19,100.22,100.80,100.72,100.24,100.67,100.55,100.07,100.80,100.01,100.62,100.16,,,,
11220,เป็ด ไก่,2567,101.22,100.28,99.94,100.18,100.37,101.13,100.86,100.38,99.90,99.18,99.87,99.83,,,,
11221,เป็ด ไก่  สด,2567,99.92,100.32,100.38,100.81,101.07,101.66,101.68,101.83,101.62,100.74,100.37,100.30,,,,
11230,ปลาและสัตว์น้ำ,2567,99.70,99.52,99.49,99.34,99.66,99.58,99.67,99.90,100.43,100.89,101.38,101.66,,,,
11231,ปลาน้ำจืดสด,2567,101.12,100.95,100.87,100.98,101.10,100.98,100.76,100.82,101.34,102.08,102.71,103.14,,,,
11232,ปลาน้ำทะเลสด,2567,93.91,93.34,92.95,90.94,92.58,92.46,92.88,94.13,94.78,94.52,95.02,95.56,,,,
11233,สัตว์น้ำ,2567,99.52,99.37,99.41,99.77,99.90,99.77,100.24,100.16,100.69,101.30,101.91,101.87,,,,
11234,ปลาแปรรูป,2567,100.83,100.85,101.01,101.11,101.16,101.18,101.29,101.36,101.83,102.00,102.01,102.17,,,,
11235,สัตว์น้ำแปรรูป,2567,101.25,101.30,101.57,101.58,101.58,101.61,101.77,102.55,103.02,103.68,104.52,104.72,,,,
11300,ไข่และผลิตภัณฑ์นม,2567,101.71,100.03,99.35,99.90,101.69,103.91,104.19,104.24,104.36,104.26,102.32,101.32,,,,
11310,ไข่,2567,101.19,98.01,96.15,97.06,100.85,105.63,106.23,106.29,106.24,105.99,101.74,99.60,,,,
11320,นมและผลิตภัณฑ์นม,2567,102.15,101.73,102.05,102.29,102.40,102.47,102.48,102.51,102.77,102.80,102.81,102.77,,,,
11400,ผักและผลไม้,2567,95.71,94.11,94.64,102.85,111.28,104.84,103.77,108.17,107.64,106.02,101.26,97.07,,,,
11410,ผักสดแปรรูปและอื่นๆ,2567,94.61,90.64,91.42,103.95,117.64,105.00,101.05,106.69,106.79,105.44,99.43,93.37,,,,
11411,ผักสด,2567,93.42,89.60,91.33,106.83,123.20,107.46,102.33,108.59,108.51,106.74,99.16,91.99,,,,
11412,ผักแปรรูปและอื่นๆ,2567,100.06,95.33,91.84,90.87,92.36,93.81,95.24,98.06,99.02,99.54,100.68,99.65,,,,
11420,ผลไม้สดแปรรูปและอื่นๆ,2567,97.23,98.92,99.10,101.33,102.48,104.61,107.54,110.23,108.81,106.81,103.79,102.20,,,,
11421,ผลไม้สด,2567,97.17,98.89,99.06,101.33,102.49,104.65,107.60,110.32,108.85,106.84,103.76,102.13,,,,
11422,ผลไม้แปรรูปและอื่น ๆ,2567,101.00,100.77,101.37,101.42,101.62,101.77,104.21,104.77,106.27,105.50,105.94,106.29,,,,
11500,เครื่องประกอบอาหาร,2567,99.41,99.20,99.09,99.36,99.16,98.95,98.65,98.79,98.93,99.00,101.15,101.62,,,,
11520,เครื่องปรุงอาหาร,2567,99.40,99.17,99.08,99.32,99.09,98.86,98.55,98.65,98.72,98.72,100.85,101.35,,,,
11521,น้ำมันและไขมัน,2567,98.40,97.92,97.71,98.01,97.79,97.02,96.39,95.93,95.87,96.39,100.25,101.24,,,,
11522,เครื่องปรุงรส,2567,100.04,99.97,99.97,100.16,99.93,100.04,99.93,100.40,100.55,100.21,101.24,101.42,,,,
11600,เครื่องดื่มไม่มีแอลกอฮอล์,2567,100.81,100.89,101.31,101.68,101.92,102.06,102.06,102.43,102.75,103.41,103.93,104.06,,,,
11700,ผลิตภัณฑ์น้ำตาล,2567,101.97,102.30,102.28,102.55,102.55,102.56,102.75,102.90,102.89,103.62,103.64,103.69,,,,
11710,น้ำตาลและขนมหวาน,2567,101.97,102.30,102.28,102.55,102.55,102.56,102.75,102.90,102.89,103.62,103.64,103.69,,,,
12000,อาหารสำเร็จรูป,2567,100.50,100.53,100.53,100.55,100.58,100.63,101.54,101.83,102.36,102.53,102.66,102.81,,,,
12300,อาหารพร้อมทาน,2567,100.67,100.50,100.49,100.49,100.52,100.63,101.41,101.59,101.90,102.10,102.36,102.56,,,,
12400,อาหารจากร้านยอดนิยม,2567,100.96,100.84,100.88,100.88,100.92,101.06,101.55,101.68,101.83,102.04,102.25,102.57,,,,
12500,อาหารฟาสต์ฟู้ด/delivery,2567,103.44,101.89,96.07,99.51,104.12,98.67,104.10,105.08,103.11,96.44,105.19,104.57,,,,
20000,หมวดเครื่องนุ่งห่มและรองเท้า,2567,99.74,99.68,99.78,99.75,99.83,99.67,99.53,99.46,99.47,99.47,99.45,99.36,,,,
21000,ผ้าและเสื้อผ้า,2567,99.66,99.60,99.71,99.68,99.77,99.61,99.44,99.35,99.36,99.36,99.33,99.23,,,,
21100,บุรุษ,2567,99.62,99.16,99.52,99.42,99.37,98.91,98.74,98.60,98.59,98.62,98.62,98.35,,,,
21120,เครื่องแบบชาย,2567,100.63,100.63,100.63,100.69,101.13,101.22,101.22,101.22,101.32,101.34,101.34,101.34,,,,
21130,เสื้อบุรุษ,2567,99.33,98.50,99.05,98.66,98.67,98.01,97.70,97.62,97.60,97.67,97.79,97.22,,,,
21140,กางเกงบุรุษ,2567,99.42,99.26,99.54,99.80,99.39,98.90,98.86,98.49,98.47,98.45,98.24,98.27,,,,
21150,เสื้อผ้าบุรุษอื่นๆ,2567,100.83,100.83,100.83,100.93,100.97,100.99,101.02,101.10,101.10,101.25,101.25,101.25,,,,
21160,เครื่องประดับบุรุษ,2567,99.46,99.27,99.27,99.19,99.63,99.63,99.08,99.08,99.20,98.76,98.76,98.76,,,,
21200,สตรี,2567,99.38,99.56,99.58,99.57,99.64,99.62,99.42,99.40,99.42,99.39,99.31,99.29,,,,
21220,เครื่องแบบหญิง,2567,100.94,100.94,100.94,100.98,101.83,101.83,101.83,101.83,101.84,101.85,101.85,101.85,,,,
21230,เสื้อสตรี,2567,99.17,99.34,99.31,99.26,99.27,99.20,98.84,98.81,98.90,98.93,98.89,98.90,,,,
21240,กางเกงสตรีและกระโปรงสตรี,2567,99.17,99.47,99.64,99.67,99.65,99.75,99.81,99.81,99.68,99.50,99.26,99.15,,,,
21250,เสื้อผ้าสตรีอื่นๆ,2567,100.27,100.27,100.29,100.29,100.29,100.36,100.36,100.36,100.36,100.36,100.36,100.36,,,,
21300,เด็ก,2567,100.29,100.29,100.24,100.25,100.69,100.67,100.49,100.33,100.35,100.36,100.39,100.36,,,,
21310,เครื่องแบบเด็ก,2567,101.29,101.29,101.29,101.39,102.93,102.93,102.93,102.93,102.93,102.93,102.93,102.93,,,,
21320,เสื้อเด็ก,2567,99.85,99.85,99.85,99.58,99.38,99.60,99.34,98.80,98.76,98.81,98.87,98.94,,,,
21330,กางเกงเด็ก,2567,99.67,99.67,99.67,99.67,99.67,99.27,98.72,98.68,98.83,98.84,98.84,98.61,,,,
21340,เสื้อผ้าเด็กอื่นๆ,2567,99.90,99.93,99.68,99.95,99.96,99.96,99.97,99.96,99.96,99.94,99.99,99.99,,,,
21400,ค่าจ้างตัดเย็บและอุปกรณ์,2567,100.23,100.23,100.23,100.23,100.23,100.24,100.24,100.24,100.24,100.24,100.24,100.24,,,,
21410,ค่าจ้าง,2567,100.23,100.23,100.23,100.23,100.23,100.24,100.24,100.24,100.24,100.24,100.24,100.24,,,,
22000,ผลิตภัณฑ์รองเท้า,2567,100.11,100.11,100.12,100.13,100.13,100.01,100.02,100.03,100.01,100.02,100.06,100.06,,,,
22100,รองเท้าบุรุษ,2567,100.11,100.08,100.09,100.07,100.07,99.78,99.79,99.76,99.77,99.73,99.80,99.81,,,,
22110,รองเท้าหุ้มส้นบุรุษ,2567,100.22,100.08,100.08,100.08,100.08,98.47,98.47,98.47,98.47,98.47,98.47,98.47,,,,
22120,รองเท้ากีฬาและผ้าใบบุรุษ,2567,100.07,100.07,100.07,100.03,100.03,99.97,99.97,99.93,99.93,99.88,99.99,100.03,,,,
22130,รองเท้าแตะบุรุษ,2567,100.11,100.11,100.16,100.16,100.16,100.22,100.24,100.24,100.24,100.20,100.23,100.15,,,,
22200,รองเท้าสตรี,2567,100.00,100.04,100.06,100.10,100.10,100.10,100.10,100.10,100.05,100.12,100.11,100.06,,,,
22210,รองเท้าหุ้มส้นสตรี,2567,99.54,99.70,99.68,99.68,99.68,99.68,99.68,99.68,99.68,99.76,99.76,99.76,,,,
22220,รองเท้ากีฬาและผ้าใบสตรี,2567,100.02,100.02,100.02,100.02,100.02,100.02,100.03,100.03,100.03,100.03,100.03,100.03,,,,
22230,รองเท้าแตะสตรี,2567,100.31,100.31,100.37,100.49,100.49,100.49,100.49,100.49,100.34,100.49,100.45,100.31,,,,
22300,รองเท้าเด็ก,2567,100.26,100.26,100.26,100.26,100.26,100.44,100.45,100.59,100.57,100.61,100.63,100.68,,,,
22310,รองเท้าหุ้มส้นเด็ก,2567,99.96,99.96,99.96,99.96,99.96,99.96,99.96,100.43,100.15,100.08,100.08,100.28,,,,
22320,รองเท้ากีฬาและผ้าใบเด็ก,2567,100.48,100.48,100.48,100.48,100.49,100.79,100.81,100.81,100.87,100.88,100.91,100.91,,,,
22330,รองเท้าแตะเด็ก,2567,99.98,99.98,99.98,99.98,99.98,99.98,99.98,100.20,100.20,100.44,100.44,100.44,,,,
22400,ค่าซ่อมแซมและดูแลรักษา,2567,101.46,101.46,101.46,101.46,101.46,101.46,101.46,101.46,101.46,101.46,102.31,102.31,,,,
22410,ค่าซ่อมแซม,2567,101.46,101.46,101.46,101.46,101.46,101.46,101.46,101.46,101.46,101.46,102.31,102.31,,,,
30000,หมวดเคหสถาน,2567,99.78,99.76,99.81,99.84,99.81,99.80,99.81,99.83,99.78,99.85,99.83,99.84,,,,
31000,ค่าที่พักอาศัย,2567,100.09,100.10,100.14,100.16,100.17,100.18,100.18,100.19,100.20,100.23,100.27,100.29,,,,
31100,ค่าเช่า,2567,100.09,100.09,100.14,100.15,100.16,100.17,100.18,100.18,100.19,100.21,100.25,100.28,,,,
31200,การประกันอัคคีภัย,2567,100.00,100.00,100.00,100.00,100.00,100.00,100.00,100.00,100.00,100.00,100.00,100.00,,,,
31300,วัสดุก่อสร้าง,2567,100.05,100.09,100.19,100.22,100.21,100.18,100.19,100.18,100.25,100.25,100.27,100.27,,,,
31400,เครื่องสุขภัณฑ์,2567,99.88,99.88,99.88,100.01,100.07,100.05,99.97,100.08,100.28,100.28,100.28,100.28,,,,
31500,ค่าแรง,2567,100.20,100.38,100.38,100.57,100.61,100.64,100.69,100.84,101.11,101.07,101.23,101.24,,,,
31600,อุปกรณ์ซ่อมแซมบ้าน,2567,99.70,99.66,99.59,99.60,99.60,99.75,99.67,100.09,100.12,100.12,99.69,99.40,,,,
32000,ไฟฟ้า  เชื้อเพลิง  น้ำประปาและแสงสว่าง,2567,99.13,99.14,99.15,99.15,99.16,99.15,99.15,99.15,99.15,99.16,99.16,99.15,,,,
32100,ไฟฟ้า,2567,98.66,98.66,98.66,98.66,98.66,98.66,98.66,98.66,98.66,98.66,98.66,98.66,,,,
32200,เชื้อเพลิงในบ้าน,2567,100.66,100.79,100.80,100.81,100.82,100.83,100.83,100.85,100.84,100.86,100.85,100.87,,,,
32300,น้ำประปา,2567,100.06,100.06,100.06,100.06,100.06,100.06,100.06,100.06,100.06,100.06,100.06,100.06,,,,
32400,แสงสว่าง,2567,100.47,100.52,100.88,101.26,101.94,101.37,101.04,100.56,101.30,101.51,101.57,100.59,,,,
33000,สิ่งทอสำหรับใช้ในบ้าน,2567,99.53,99.46,99.35,99.62,99.30,99.57,100.57,100.38,100.20,100.28,99.83,99.91,,,,
34000,เครื่องใช้เบ็ดเตล็ดในบ้าน,2567,100.05,100.35,100.35,100.49,100.17,100.17,100.03,100.26,99.95,99.85,100.12,99.96,,,,
35000,เครื่องแต่งบ้านและบริภัณฑ์อื่นๆ,2567,99.77,99.66,99.64,99.12,98.86,98.84,98.97,99.00,98.82,98.88,99.19,98.94,,,,
35100,เครื่องแต่งบ้าน,2567,99.97,100.14,100.14,100.14,100.13,100.13,100.13,100.13,100.13,100.13,100.13,100.13,,,,
35200,บริภัณฑ์อื่น ๆ,2567,99.71,99.51,99.48,98.81,98.48,98.44,98.62,98.65,98.43,98.51,98.91,98.58,,,,
36000,สิ่งที่เกี่ยวกับทำความสะอาด,2567,99.32,98.86,99.10,99.36,99.00,98.67,98.71,99.01,98.12,98.89,98.28,98.23,,,,
37000,คนรับใช้ / คนงาน,2567,100.20,100.20,100.23,100.24,100.24,100.27,100.28,100.28,100.28,100.28,100.73,100.73,,,,
40000,หมวดการตรวจรักษาและบริการส่วนบุคคล,2567,100.46,100.51,99.95,100.17,100.58,100.16,99.83,100.17,100.04,99.76,99.85,99.87,,,,
41000,ค่าตรวจรักษาและค่ายา,2567,100.37,100.40,100.46,100.57,100.61,100.70,100.74,100.78,100.80,100.84,100.86,100.86,,,,
41100,ค่ายาและเวชภัณฑ์,2567,100.71,100.74,100.87,101.08,101.14,101.22,101.32,101.40,101.45,101.54,101.59,101.58,,,,
41110,ค่ายา,2567,100.75,100.78,100.93,101.15,101.21,101.29,101.40,101.47,101.53,101.63,101.68,101.67,,,,
41120,เวชภัณฑ์,2567,99.78,99.61,99.43,99.24,99.37,99.45,99.36,99.53,99.46,99.39,99.35,99.37,,,,
41200,ค่ารักษาพยาบาล,2567,100.14,100.17,100.17,100.22,100.24,100.34,100.34,100.36,100.36,100.36,100.36,100.36,,,,
41210,คนไข้นอก,2567,100.13,100.18,100.18,100.18,100.19,100.31,100.31,100.33,100.33,100.33,100.33,100.33,,,,
41211,ค่าตรวจโรครักษา ค่าบริการ และค่ายาของคนไข้นอก,2567,100.11,100.19,100.19,100.19,100.19,100.32,100.32,100.32,100.32,100.32,100.32,100.32,,,,
41212,ค่าทำฟัน,2567,100.14,100.15,100.15,100.15,100.19,100.19,100.19,100.31,100.31,100.31,100.31,100.31,,,,
41213,ค่าตรวจสายตา,2567,100.00,100.00,99.96,99.96,99.96,99.96,99.96,99.96,99.96,99.96,99.96,99.96,,,,
41214,ค่าบริการด้านรังสี,2567,100.24,100.24,100.24,100.24,100.30,100.46,100.46,100.52,100.52,100.52,100.52,100.52,,,,
41215,ค่าบริการอื่น ๆ,2567,100.30,100.30,100.30,100.30,100.30,100.48,100.48,100.48,100.48,100.48,100.48,100.48,,,,
41216,ค่าตรวจวินิจฉัยทางห้องปฏิบัติการ,2567,100.17,100.17,100.17,100.17,100.17,100.51,100.51,100.51,100.51,100.51,100.51,100.51,,,,
41220,คนไข้ใน,2567,100.15,100.15,100.15,100.32,100.36,100.43,100.44,100.44,100.44,100.44,100.44,100.44,,,,
41221,ค่าห้องพักคนไข้,2567,100.24,100.24,100.24,100.34,100.51,100.82,100.87,100.87,100.87,100.87,100.89,100.89,,,,
41222,ค่าตรวจรักษา ค่าบริการ และค่ายาของคนไข้ใน,2567,100.02,100.02,100.02,100.02,100.02,100.02,100.02,100.02,100.02,100.02,100.02,100.02,,,,
41224,ค่าบริการอื่น ๆ,2567,100.36,100.36,100.36,100.97,100.97,100.97,100.97,100.97,100.97,100.97,100.97,100.97,,,,
42000,ค่าใช้จ่ายส่วนบุคคล,2567,100.52,100.57,99.80,100.06,100.60,100.01,99.56,100.00,99.81,99.43,99.55,99.57,,,,
42100,ค่าของใช้ส่วนบุคคล,2567,100.47,100.54,99.55,99.80,100.43,99.63,99.02,99.51,99.27,98.74,98.82,98.85,,,,
42200,ค่าบริการส่วนบุคคล,2567,100.74,100.74,101.05,101.32,101.40,101.89,102.20,102.42,102.47,102.82,103.06,103.06,,,,
42210,ค่าบริการส่วนบุคคลเพื่อความสวยงาม,2567,100.75,100.76,101.07,101.34,101.42,101.92,102.24,102.46,102.50,102.83,103.06,103.06,,,,
42220,ค่าบริการส่วนบุคคลเพื่อความผ่อนคลาย,2567,100.26,100.26,100.48,100.76,100.79,100.90,101.04,101.18,101.49,102.64,103.15,103.15,,,,
43000,ค่าบัตรประกันสุขภาพและประกันชีวิต,2567,100.00,100.00,100.00,100.00,100.00,100.00,100.00,100.00,100.00,100.00,100.00,100.00,,,,
50000,หมวดพาหนะ การขนส่ง และการสื่อสาร,2567,97.96,99.45,99.88,101.34,101.43,101.37,101.96,100.80,99.97,99.89,100.11,100.28,,,,
51000,ค่าโดยสารสาธารณะ,2567,100.47,100.52,100.57,100.59,101.09,101.32,101.36,101.38,101.39,101.42,101.42,101.43,,,,
51100,ค่าโดยสารในท้องถิ่น,2567,100.33,100.33,100.33,100.33,100.97,101.32,101.32,101.32,101.32,101.32,101.32,101.32,,,,
51200,ค่าโดยสารนอกท้องถิ่น,2567,103.19,104.10,105.18,105.51,103.27,101.44,102.16,102.53,102.68,103.24,103.32,103.50,,,,
52000,ยานพาหนะและน้ำมันเชื้อเพลิง,2567,97.00,99.15,99.76,101.86,101.94,101.84,102.69,101.01,99.83,99.72,100.02,100.27,,,,
52100,ค่าซื้อยานพาหนะ,2567,100.00,100.00,100.00,100.00,100.01,100.01,100.01,100.01,100.01,100.01,100.02,100.02,,,,
52110,ยานพาหนะ,2567,100.00,100.00,100.00,100.00,100.00,100.00,100.01,100.00,100.00,100.00,100.01,100.01,,,,
52120,อุปกรณ์ยานพาหนะ,2567,100.00,100.00,100.01,100.01,100.03,100.13,100.11,100.09,100.09,100.08,100.19,100.19,,,,
52200,น้ำมันเชื้อเพลิง,2567,94.93,98.55,99.56,103.14,103.24,103.06,104.48,101.64,99.63,99.45,99.95,100.39,,,,
52300,ค่าบริการบำรุงรักษายานยนต์,2567,100.09,100.29,100.45,99.98,100.62,100.75,100.87,101.14,101.24,101.17,101.31,100.87,,,,
53000,ค่าภาษีและประกันภัยรถยนต์,2567,100.00,100.00,100.00,100.00,100.00,100.00,100.00,100.00,100.00,100.00,100.00,100.00,,,,
53100,ค่าภาษี,2567,100.00,100.00,100.00,100.00,100.00,100.00,100.00,100.00,100.00,100.00,100.00,100.00,,,,
53200,ค่าประกันภัยรถ,2567,100.00,100.00,100.00,100.00,100.00,100.00,100.00,100.00,100.00,100.00,100.00,100.00,,,,
53300,ค่าใช้จ่ายที่เกี่ยวกับรถ,2567,100.00,100.00,100.00,100.00,100.00,100.00,100.00,100.00,100.00,100.00,100.00,100.00,,,,
54000,การสื่อสาร,2567,100.07,100.07,100.07,100.07,100.06,100.05,100.05,100.05,100.04,100.04,100.03,100.04,,,,
54100,ค่าบริการการสื่อสาร,2567,100.07,100.07,100.07,100.07,100.07,100.07,100.07,100.07,100.07,100.07,100.07,100.07,,,,
54200,เครื่องรับอุปกรณ์สื่อสาร,2567,99.98,99.98,99.98,99.88,99.51,99.32,99.32,99.24,98.81,98.72,98.65,98.75,,,,
60000,หมวดการบันเทิงการอ่าน การศึกษา และการศาสนา,2567,100.26,100.26,100.27,100.21,100.59,100.71,100.70,100.72,100.77,100.72,100.70,100.68,,,,
61000,การบันเทิงและการอ่าน,2567,100.18,100.14,100.13,100.12,100.10,100.14,100.14,100.15,100.13,100.20,100.17,100.18,,,,
61100,ค่าธรรมเนียมและค่าสมาชิก,2567,99.83,99.83,99.83,99.83,99.91,99.91,99.91,99.91,99.91,99.91,99.91,99.91,,,,
61200,ค่าอุปกรณ์กีฬาและเครื่องเล่น,2567,100.17,99.88,99.89,99.77,99.57,99.83,99.83,99.88,99.86,99.82,99.68,99.79,,,,
61220,ของเล่น,2567,100.10,100.10,100.10,100.10,100.10,100.10,100.10,100.10,100.10,100.10,100.10,100.10,,,,
61240,ค่าการบันเทิง,2567,100.00,100.00,100.00,100.00,100.00,100.00,100.00,100.00,100.00,100.00,100.00,100.00,,,,
61250,ค่าใช้จ่ายเกี่ยวกับสัตว์เลี้ยง,2567,100.21,99.84,99.85,99.69,99.44,99.77,99.78,99.83,99.81,99.76,99.58,99.72,,,,
61260,ค่าใช้จ่ายเกี่ยวกับการทำสวนประดับบ้าน,2567,100.00,100.00,100.00,100.00,100.00,100.00,100.00,100.00,100.00,100.00,100.00,100.00,,,,
61300,ค่าอุปกรณ์การบันเทิง,2567,98.07,97.64,97.29,97.80,97.76,97.14,97.08,97.39,96.20,96.69,95.95,95.97,,,,
61400,ค่าใช้จ่ายเกี่ยวกับการอ่าน,2567,100.00,100.00,100.00,100.00,100.00,100.00,100.00,100.00,100.00,100.00,100.00,100.00,,,,
61500,ค่าใช้จ่ายในการเดินทางโอกาสพิเศษและท่องเที่ยว,2567,100.25,100.26,100.24,100.24,100.24,100.28,100.28,100.28,100.28,100.36,100.36,100.36,,,,
62000,การศึกษา,2567,100.41,100.41,100.47,100.47,101.40,101.61,101.63,101.63,101.73,101.74,101.76,101.76,,,,
62100,ค่าเล่าเรียนและค่าธรรมเนียมการศึกษา,2567,100.38,100.38,100.38,100.38,101.53,101.79,101.79,101.79,101.79,101.79,101.79,101.79,,,,
62110,การศึกษาระดับประถมศึกษา,2567,100.33,100.33,100.33,100.33,101.87,102.07,102.07,102.07,102.07,102.07,102.07,102.07,,,,
62120,การศึกษาระดับมัธยมศึกษาสายสามัญ,2567,100.76,100.76,100.76,100.76,102.74,103.59,103.59,103.59,103.59,103.59,103.59,103.59,,,,
62130,การศึกษาระดับมัธยมศึกษา ด้านเทคนิคและอาชีวะ,2567,100.34,100.34,100.34,100.34,101.27,101.45,101.45,101.45,101.45,101.45,101.45,101.45,,,,
62140,การศึกษาระดับอุดมศึกษา,2567,100.30,100.30,100.30,100.30,100.76,100.76,100.76,100.76,100.76,100.76,100.76,100.76,,,,
62150,ค่าเรียนพิเศษ,2567,100.00,100.00,100.00,100.00,100.00,100.00,100.00,100.00,100.00,100.00,100.00,100.00,,,,
62200,หนังสือและอุปกรณ์การศึกษา,2567,100.00,100.00,100.00,100.00,100.00,100.00,100.00,100.00,100.00,100.00,100.00,100.00,,,,
62210,หนังสือ,2567,100.00,100.00,100.00,100.00,100.00,100.00,100.00,100.00,100.00,100.00,100.00,100.00,,,,
62211,หนังสือแบบเรียนเอกชน,2567,100.00,100.00,100.00,100.00,100.00,100.00,100.00,100.00,100.00,100.00,100.00,100.00,,,,
62220,อุปกรณ์เกี่ยวกับการศึกษา,2567,100.00,100.00,100.00,100.00,100.00,100.00,100.00,100.00,100.00,100.00,100.00,100.00,,,,
62300,ค่าใช้จ่ายอื่น ๆ เกี่ยวกับการศึกษา,2567,103.34,103.34,105.10,105.10,105.10,105.10,105.63,105.63,108.73,109.28,109.84,109.84,,,,
63000,การศาสนา,2567,100.19,100.26,100.26,100.07,100.46,100.59,100.51,100.59,100.71,100.37,100.34,100.25,,,,
63100,ค่าอาหาร ของถวายพระ ไหว้เจ้าและอื่น ๆ,2567,100.19,100.26,100.26,100.07,100.46,100.59,100.51,100.59,100.71,100.37,100.34,100.25,,,,
63110,เครื่องถวายพระ,2567,100.19,100.26,100.26,100.07,100.46,100.59,100.51,100.59,100.71,100.37,100.34,100.25,,,,
70000,หมวดยาสูบและเครื่องดื่มมีแอลกอฮอล์,2567,100.58,100.95,101.24,101.22,101.22,101.36,101.36,101.36,101.38,101.38,101.38,101.38,,,,
71000,ผลิตภัณฑ์ยาสูบ,2567,101.34,101.34,101.34,101.34,101.34,101.34,101.34,101.34,101.34,101.34,101.34,101.34,,,,
72000,เครื่องดื่มมีแอลกอฮอลล์,2567,100.08,100.70,101.18,101.14,101.14,101.37,101.37,101.37,101.41,101.40,101.40,101.40,,,,
72100,ผลิตภัณฑ์เบียร์,2567,99.78,99.92,99.98,99.93,99.93,100.17,100.17,100.17,100.22,100.22,100.22,100.22,,,,
72200,ผลิตภัณฑ์ไวน์,2567,100.34,100.74,100.79,100.23,100.23,100.22,100.22,100.16,99.72,99.08,99.04,98.94,,,,
72300,ผลิตภัณฑ์สุรา,2567,100.86,102.78,104.42,104.42,104.42,104.64,104.64,104.64,104.68,104.68,104.68,104.68,,,,
80000,หมวดอื่น ๆ ไม่ใช่อาหาร และเครื่องดื่ม,2567,99.17,99.77,99.91,100.52,100.61,100.55,100.76,100.33,99.97,99.94,100.03,100.10,,,,
81000,ไม่รวมอาหาร เครื่องดื่ม และพลังงาน,2567,100.12,100.12,100.10,100.12,100.23,100.18,100.15,100.20,100.16,100.16,100.16,100.16,,,,
82000,อาหารและเครื่องดื่ม (ไม่รวมอาหารสด),2567,100.53,100.56,100.60,100.69,100.72,100.76,101.46,101.73,102.18,102.43,102.72,102.89,,,,
90000,กลุ่มอาหารสดและพลังงาน,2567,97.44,98.03,98.13,100.46,102.09,101.22,101.41,101.41,100.90,100.57,100.02,99.43,,,,
91000,อาหารสด,2567,98.28,97.62,97.32,99.58,102.26,100.89,100.56,101.85,101.92,101.45,100.31,99.12,,,,
92000,พลังงาน,2567,96.19,98.65,99.34,101.77,101.83,101.72,102.68,100.75,99.38,99.26,99.60,99.90,,,,
93000,ดัชนีราคาผู้บริโภคพื้นฐาน,2567,100.25,100.26,100.26,100.30,100.38,100.37,100.56,100.69,100.80,100.88,100.97,101.02,,,,
00000,รวมทุกรายการ,2566,100.37,100.25,99.99,100.17,99.45,100.05,100.04,100.58,100.22,99.94,99.70,99.24,,,,
10000,หมวดอาหารและเครื่องดื่มไม่มีแอลกอฮอล์,2566,100.47,100.05,99.51,99.85,100.36,100.34,99.74,99.97,99.80,99.99,100.22,99.71,,,,
11000,อาหารปรุงที่บ้าน,2566,101.07,100.22,99.31,99.81,100.60,100.59,99.57,99.94,99.69,99.85,100.12,99.23,,,,
11100,ข้าว  แป้งและผลิตภัณฑ์จากแป้ง,2566,98.48,98.27,98.77,98.92,98.23,98.21,98.86,99.49,101.64,102.82,103.31,102.99,,,,
11110,ข้าว,2566,98.34,97.98,98.63,98.77,97.72,97.55,98.40,99.35,102.00,103.52,104.10,103.64,,,,
11120,แป้งและผลิตภัณฑ์จากแป้ง,2566,98.92,99.16,99.19,99.36,99.81,100.23,100.29,99.91,100.53,100.69,100.89,101.01,,,,
11121,แป้ง,2566,99.28,99.72,100.11,100.21,100.46,100.14,100.50,100.19,100.23,99.62,100.67,98.88,,,,
11122,ผลิตภัณฑ์จากแป้ง,2566,98.91,99.15,99.16,99.34,99.79,100.23,100.28,99.90,100.54,100.72,100.90,101.07,,,,
11200,เนื้อสัตว์ เป็ดไก่ และสัตว์น้ำ,2566,104.39,103.86,101.70,101.69,100.79,100.48,99.23,98.27,98.07,96.99,97.10,97.43,,,,
11210,เนื้อสัตว์,2566,111.03,109.56,104.71,104.11,101.60,100.28,97.96,95.88,95.41,93.00,92.94,93.53,,,,
11211,เนื้อสัตว์สด,2566,112.63,110.97,105.40,104.72,101.83,100.37,97.74,95.33,94.74,91.91,91.79,92.57,,,,
11212,เนื้อสัตว์แปรรูป,2566,99.86,99.71,99.90,99.85,99.95,99.68,99.51,99.72,100.06,100.60,100.95,100.22,,,,
11220,เป็ด ไก่,2566,99.48,99.32,98.79,98.93,100.19,101.65,100.90,99.76,99.58,99.84,100.28,101.26,,,,
11221,เป็ด ไก่  สด,2566,100.36,100.16,98.94,99.24,100.67,100.96,101.00,100.68,100.16,98.78,99.36,99.70,,,,
11230,ปลาและสัตว์น้ำ,2566,99.64,99.94,99.84,100.39,100.21,100.16,99.81,100.09,100.18,99.90,100.02,99.80,,,,
11231,ปลาน้ำจืดสด,2566,98.60,99.01,99.40,99.49,99.79,100.10,100.13,100.64,100.69,100.64,100.66,100.84,,,,
11232,ปลาน้ำทะเลสด,2566,102.13,102.45,101.10,103.97,102.27,101.26,98.64,98.70,99.01,97.25,97.69,95.51,,,,
11233,สัตว์น้ำ,2566,100.50,100.65,100.28,100.73,100.35,100.16,99.79,99.74,99.69,99.33,99.39,99.41,,,,
11234,ปลาแปรรูป,2566,99.13,99.41,99.44,99.49,99.57,99.62,99.96,100.33,100.56,100.76,100.85,100.88,,,,
11235,สัตว์น้ำแปรรูป,2566,99.17,99.29,99.53,99.50,99.59,99.67,100.09,100.12,100.07,100.75,101.13,101.10,,,,
11300,ไข่และผลิตภัณฑ์นม,2566,97.00,97.23,95.70,97.34,98.28,99.86,101.27,102.54,102.89,102.78,102.83,102.29,,,,
11310,ไข่,2566,96.26,95.85,92.25,94.91,96.59,100.01,102.00,104.78,105.10,104.80,104.26,103.21,,,,
11320,นมและผลิตภัณฑ์นม,2566,97.63,98.39,98.61,99.38,99.70,99.73,100.66,100.65,101.03,101.08,101.63,101.52,,,,
11400,ผักและผลไม้,2566,100.14,97.12,96.84,98.17,103.28,103.03,99.55,101.93,99.51,101.28,101.71,97.44,,,,
11410,ผักสดแปรรูปและอื่นๆ,2566,101.88,97.43,96.64,96.72,105.33,103.86,97.73,99.42,97.26,101.96,104.20,97.57,,,,
11411,ผักสด,2566,100.96,96.34,96.65,97.34,108.12,105.88,97.79,99.50,96.23,101.58,103.88,95.74,,,,
11412,ผักแปรรูปและอื่นๆ,2566,106.07,102.38,96.59,93.89,92.68,94.72,97.44,99.05,101.94,103.71,105.67,105.88,,,,
11420,ผลไม้สดแปรรูปและอื่นๆ,2566,97.74,96.70,97.11,100.19,100.43,101.88,102.08,105.40,102.64,100.33,98.26,97.25,,,,
11421,ผลไม้สด,2566,97.70,96.65,97.07,100.20,100.45,101.92,102.11,105.48,102.67,100.33,98.20,97.20,,,,
11422,ผลไม้แปรรูปและอื่น ๆ,2566,99.78,100.03,99.43,99.17,99.20,99.12,99.90,100.21,100.41,100.18,101.61,100.95,,,,
11500,เครื่องประกอบอาหาร,2566,101.49,101.01,100.69,100.24,100.18,100.17,99.77,99.41,99.32,98.98,99.32,99.42,,,,
11520,เครื่องปรุงอาหาร,2566,101.55,101.07,100.72,100.25,100.17,100.13,99.77,99.38,99.31,98.96,99.27,99.42,,,,
11521,น้ำมันและไขมัน,2566,105.36,103.34,101.83,100.80,100.17,100.05,99.11,98.29,97.65,97.35,97.60,98.44,,,,
11522,เครื่องปรุงรส,2566,99.10,99.60,100.00,99.89,100.17,100.19,100.20,100.08,100.38,99.99,100.35,100.04,,,,
11600,เครื่องดื่มไม่มีแอลกอฮอล์,2566,98.77,99.22,99.20,99.86,99.92,100.15,100.27,100.34,100.38,100.54,100.65,100.69,,,,
11700,ผลิตภัณฑ์น้ำตาล,2566,98.70,98.81,99.58,99.65,99.72,99.84,99.95,100.01,100.33,100.42,101.16,101.82,,,,
11710,น้ำตาลและขนมหวาน,2566,98.70,98.81,99.58,99.65,99.72,99.84,99.95,100.01,100.33,100.42,101.16,101.82,,,,
12000,อาหารสำเร็จรูป,2566,99.49,99.78,99.84,99.92,99.98,99.95,100.00,100.02,99.98,100.20,100.38,100.47,,,,
12300,อาหารพร้อมทาน,2566,99.38,99.65,99.78,99.83,99.92,100.15,100.04,99.90,99.94,100.30,100.46,100.66,,,,
12400,อาหารจากร้านยอดนิยม,2566,99.15,99.47,99.68,99.77,99.83,100.07,99.96,99.92,99.97,100.44,100.80,100.95,,,,
12500,อาหารฟาสต์ฟู้ด/delivery,2566,100.93,100.23,94.35,97.78,103.92,96.54,102.97,104.05,94.39,97.17,104.52,103.14,,,,
20000,หมวดเครื่องนุ่งห่มและรองเท้า,2566,99.84,99.92,99.87,99.93,100.19,100.21,100.07,100.05,100.13,99.96,99.96,99.87,,,,
21000,ผ้าและเสื้อผ้า,2566,99.85,99.92,99.88,99.93,100.22,100.23,100.07,100.05,100.15,99.94,99.93,99.83,,,,
21100,บุรุษ,2566,100.17,100.16,99.90,99.75,100.04,100.11,100.19,99.98,100.22,99.90,99.93,99.64,,,,
21120,เครื่องแบบชาย,2566,98.68,98.68,98.68,99.00,100.56,100.63,100.63,100.63,100.63,100.63,100.63,100.63,,,,
21130,เสื้อบุรุษ,2566,100.72,100.73,100.17,99.95,99.92,99.93,99.81,99.67,100.29,99.78,99.81,99.22,,,,
21140,กางเกงบุรุษ,2566,100.25,100.18,100.20,99.80,99.97,100.11,100.56,100.09,99.86,99.63,99.68,99.67,,,,
21150,เสื้อผ้าบุรุษอื่นๆ,2566,98.47,98.47,98.70,99.66,100.18,100.37,100.37,100.70,100.75,100.77,100.77,100.77,,,,
21160,เครื่องประดับบุรุษ,2566,100.66,100.66,100.66,100.11,100.11,100.11,100.11,99.56,99.56,99.56,99.46,99.46,,,,
21200,สตรี,2566,99.86,100.04,100.12,100.19,100.37,100.22,99.89,100.02,100.03,99.79,99.76,99.70,,,,
21220,เครื่องแบบหญิง,2566,98.08,98.25,98.25,98.76,100.39,100.82,100.82,100.92,100.92,100.92,100.92,100.92,,,,
21230,เสื้อสตรี,2566,100.10,100.36,100.41,100.42,100.46,100.22,99.67,99.88,99.95,99.59,99.49,99.46,,,,
21240,กางเกงสตรีและกระโปรงสตรี,2566,100.01,100.02,100.12,100.15,100.22,100.07,100.07,100.01,99.89,99.79,99.89,99.75,,,,
21250,เสื้อผ้าสตรีอื่นๆ,2566,99.45,99.61,99.95,99.95,99.95,99.95,100.08,100.08,100.14,100.27,100.27,100.27,,,,
21300,เด็ก,2566,99.31,99.28,99.28,99.66,100.31,100.49,100.24,100.17,100.28,100.32,100.30,100.37,,,,
21310,เครื่องแบบเด็ก,2566,97.25,97.25,97.25,98.57,100.62,101.29,101.29,101.29,101.29,101.29,101.29,101.29,,,,
21320,เสื้อเด็ก,2566,100.55,100.55,100.55,100.32,100.30,100.30,99.46,99.41,99.41,99.61,99.65,99.87,,,,
21330,กางเกงเด็ก,2566,100.28,100.28,100.28,100.13,99.90,99.68,99.58,99.58,100.17,100.10,99.94,100.08,,,,
21340,เสื้อผ้าเด็กอื่นๆ,2566,99.87,99.75,99.75,99.97,100.22,100.29,100.29,100.01,100.01,99.97,99.97,99.90,,,,
21400,ค่าจ้างตัดเย็บและอุปกรณ์,2566,99.52,99.63,99.72,99.82,99.82,100.16,100.20,100.23,100.23,100.23,100.23,100.23,,,,
21410,ค่าจ้าง,2566,99.52,99.63,99.72,99.82,99.82,100.16,100.20,100.23,100.23,100.23,100.23,100.23,,,,
22000,ผลิตภัณฑ์รองเท้า,2566,99.80,99.87,99.83,99.89,100.02,100.09,100.09,100.08,100.06,100.07,100.10,100.11,,,,
22100,รองเท้าบุรุษ,2566,99.85,99.94,99.84,99.86,99.95,100.07,100.06,100.08,100.05,100.08,100.11,100.11,,,,
22110,รองเท้าหุ้มส้นบุรุษ,2566,99.66,100.22,99.60,99.66,99.66,100.22,100.22,100.22,100.04,100.04,100.22,100.22,,,,
22120,รองเท้ากีฬาและผ้าใบบุรุษ,2566,99.92,99.92,99.92,99.92,100.01,100.01,100.00,100.03,100.03,100.07,100.07,100.07,,,,
22130,รองเท้าแตะบุรุษ,2566,99.80,99.80,99.80,99.83,99.98,100.11,100.11,100.11,100.11,100.11,100.11,100.11,,,,
22200,รองเท้าสตรี,2566,99.89,99.98,99.98,100.05,100.08,100.08,100.05,99.96,99.96,99.97,99.99,100.00,,,,
22210,รองเท้าหุ้มส้นสตรี,2566,99.83,100.18,100.18,100.32,100.32,100.32,100.18,99.83,99.83,99.83,99.62,99.54,,,,
22220,รองเท้ากีฬาและผ้าใบสตรี,2566,99.96,99.96,99.96,99.96,100.02,100.02,100.02,100.02,100.02,100.02,100.02,100.02,,,,
22230,รองเท้าแตะสตรี,2566,99.85,99.85,99.85,99.99,99.99,99.99,99.99,99.99,99.99,99.99,100.23,100.31,,,,
22300,รองเท้าเด็ก,2566,99.47,99.47,99.51,99.63,100.14,100.25,100.26,100.32,100.22,100.22,100.26,100.26,,,,
22310,รองเท้าหุ้มส้นเด็ก,2566,100.09,100.09,100.09,100.12,99.76,99.91,99.95,100.20,99.93,99.93,99.96,99.96,,,,
22320,รองเท้ากีฬาและผ้าใบเด็ก,2566,99.05,99.05,99.12,99.27,100.31,100.44,100.44,100.44,100.44,100.44,100.48,100.48,,,,
22330,รองเท้าแตะเด็ก,2566,99.93,99.93,99.93,100.09,100.09,100.09,100.09,100.09,99.90,99.90,99.98,99.98,,,,
22400,ค่าซ่อมแซมและดูแลรักษา,2566,98.80,98.83,98.89,99.10,99.10,99.41,99.88,100.55,101.36,101.36,101.36,101.36,,,,
22410,ค่าซ่อมแซม,2566,98.80,98.83,98.89,99.10,99.10,99.41,99.88,100.55,101.36,101.36,101.36,101.36,,,,
30000,หมวดเคหสถาน,2566,100.53,100.56,100.69,100.69,97.79,100.63,100.66,100.73,99.43,99.44,99.42,99.45,,,,
31000,ค่าที่พักอาศัย,2566,99.89,99.90,99.92,99.94,99.99,100.02,100.04,100.05,100.06,100.06,100.07,100.08,,,,
31100,ค่าเช่า,2566,99.90,99.91,99.92,99.94,99.99,100.02,100.04,100.05,100.06,100.06,100.07,100.08,,,,
31200,การประกันอัคคีภัย,2566,100.00,100.00,100.00,100.00,100.00,100.00,100.00,100.00,100.00,100.00,100.00,100.00,,,,
31300,วัสดุก่อสร้าง,2566,99.91,99.97,99.96,99.98,99.98,99.99,99.95,100.07,100.05,100.05,100.05,100.03,,,,
31400,เครื่องสุขภัณฑ์,2566,99.91,100.06,100.29,100.19,100.29,100.19,100.19,100.23,99.59,99.63,99.72,99.72,,,,
31500,ค่าแรง,2566,99.48,99.54,99.77,99.96,100.03,100.03,100.20,100.20,100.20,100.20,100.20,100.20,,,,
31600,อุปกรณ์ซ่อมแซมบ้าน,2566,100.38,100.28,100.44,100.49,99.96,99.87,100.11,100.03,99.80,99.71,99.62,99.32,,,,
32000,ไฟฟ้า  เชื้อเพลิง  น้ำประปาและแสงสว่าง,2566,102.32,102.32,102.67,102.68,91.46,102.52,102.52,102.54,97.74,97.74,97.74,97.74,,,,
32100,ไฟฟ้า,2566,103.67,103.67,103.67,103.67,88.02,103.44,103.44,103.44,96.74,96.74,96.74,96.74,,,,
32200,เชื้อเพลิงในบ้าน,2566,97.77,97.78,100.29,100.30,100.30,100.31,100.36,100.56,100.56,100.58,100.59,100.60,,,,
32300,น้ำประปา,2566,99.69,99.69,100.06,100.06,100.06,100.06,100.06,100.06,100.06,100.06,100.06,100.06,,,,
32400,แสงสว่าง,2566,99.25,99.20,99.60,100.42,100.43,100.34,100.00,100.41,100.01,100.05,100.06,100.23,,,,
33000,สิ่งทอสำหรับใช้ในบ้าน,2566,100.45,100.46,100.52,99.84,99.78,100.30,100.01,99.85,99.70,99.52,99.73,99.83,,,,
34000,เครื่องใช้เบ็ดเตล็ดในบ้าน,2566,99.58,99.65,99.56,99.73,99.63,99.54,99.92,100.29,100.78,100.63,100.50,100.19,,,,
35000,เครื่องแต่งบ้านและบริภัณฑ์อื่นๆ,2566,100.37,100.54,100.37,100.06,100.11,99.93,99.81,99.58,99.53,99.98,99.92,99.80,,,,
35100,เครื่องแต่งบ้าน,2566,99.57,99.65,99.62,99.63,99.63,99.58,100.12,100.29,100.48,100.48,100.48,100.48,,,,
35200,บริภัณฑ์อื่น ๆ,2566,100.61,100.82,100.60,100.19,100.25,100.04,99.72,99.36,99.24,99.83,99.75,99.60,,,,
36000,สิ่งที่เกี่ยวกับทำความสะอาด,2566,100.07,100.44,100.80,100.68,99.53,99.70,99.95,100.77,99.61,99.63,99.23,99.59,,,,
37000,คนรับใช้ / คนงาน,2566,99.84,99.84,99.84,99.84,99.84,99.92,100.12,100.12,100.12,100.12,100.20,100.20,,,,
40000,หมวดการตรวจรักษาและบริการส่วนบุคคล,2566,99.54,99.60,99.64,99.72,100.10,100.04,100.21,100.20,100.15,100.37,100.21,100.23,,,,
41000,ค่าตรวจรักษาและค่ายา,2566,99.48,99.62,99.81,99.87,99.99,100.00,100.05,100.12,100.18,100.22,100.28,100.36,,,,
41100,ค่ายาและเวชภัณฑ์,2566,99.14,99.44,99.72,99.85,99.92,99.95,100.00,100.16,100.26,100.37,100.51,100.69,,,,
41110,ค่ายา,2566,99.11,99.42,99.71,99.83,99.91,99.94,99.99,100.16,100.28,100.40,100.53,100.73,,,,
41120,เวชภัณฑ์,2566,99.90,99.90,100.05,100.14,100.22,100.19,100.19,100.21,99.79,99.72,99.88,99.81,,,,
41200,ค่ารักษาพยาบาล,2566,99.71,99.75,99.88,99.89,100.04,100.04,100.08,100.10,100.12,100.12,100.13,100.14,,,,
41210,คนไข้นอก,2566,99.69,99.71,99.85,99.87,100.07,100.07,100.11,100.12,100.12,100.12,100.12,100.13,,,,
41211,ค่าตรวจโรครักษา ค่าบริการ และค่ายาของคนไข้นอก,2566,99.71,99.72,99.84,99.84,100.11,100.11,100.11,100.11,100.11,100.11,100.11,100.11,,,,
41212,ค่าทำฟัน,2566,99.74,99.74,99.92,99.99,99.99,99.99,100.10,100.10,100.10,100.10,100.10,100.14,,,,
41213,ค่าตรวจสายตา,2566,100.00,100.00,100.00,100.00,100.00,100.00,100.00,100.00,100.00,100.00,100.00,100.00,,,,
41214,ค่าบริการด้านรังสี,2566,99.31,99.46,99.86,99.86,100.03,100.03,100.24,100.24,100.24,100.24,100.24,100.24,,,,
41215,ค่าบริการอื่น ๆ,2566,99.56,99.56,99.56,99.86,99.90,99.90,100.13,100.30,100.30,100.30,100.30,100.30,,,,
41216,ค่าตรวจวินิจฉัยทางห้องปฏิบัติการ,2566,99.79,99.79,99.87,99.87,99.94,99.94,99.94,100.17,100.17,100.17,100.17,100.17,,,,
41220,คนไข้ใน,2566,99.77,99.84,99.95,99.96,99.96,99.96,99.99,100.02,100.13,100.13,100.15,100.15,,,,
41221,ค่าห้องพักคนไข้,2566,99.44,99.75,99.92,99.96,99.96,99.99,100.12,100.12,100.12,100.12,100.24,100.24,,,,
41222,ค่าตรวจรักษา ค่าบริการ และค่ายาของคนไข้ใน,2566,99.90,99.90,100.02,100.02,100.02,100.02,100.02,100.02,100.02,100.02,100.02,100.02,,,,
41224,ค่าบริการอื่น ๆ,2566,99.81,99.81,99.81,99.81,99.81,99.81,99.81,99.92,100.36,100.36,100.36,100.36,,,,
42000,ค่าใช้จ่ายส่วนบุคคล,2566,99.53,99.57,99.57,99.66,100.14,100.06,100.27,100.23,100.14,100.43,100.19,100.21,,,,
42100,ค่าของใช้ส่วนบุคคล,2566,99.59,99.57,99.57,99.65,100.21,100.09,100.26,100.22,100.11,100.45,100.15,100.14,,,,
42200,ค่าบริการส่วนบุคคล,2566,99.23,99.58,99.58,99.72,99.77,99.93,100.31,100.31,100.31,100.31,100.42,100.52,,,,
42210,ค่าบริการส่วนบุคคลเพื่อความสวยงาม,2566,99.22,99.58,99.58,99.73,99.77,99.92,100.31,100.31,100.31,100.31,100.43,100.53,,,,
42220,ค่าบริการส่วนบุคคลเพื่อความผ่อนคลาย,2566,99.45,99.59,99.59,99.59,99.96,100.26,100.26,100.26,100.26,100.26,100.26,100.26,,,,
43000,ค่าบัตรประกันสุขภาพและประกันชีวิต,2566,100.00,100.00,100.00,100.00,100.00,100.00,100.00,100.00,100.00,100.00,100.00,100.00,,,,
50000,หมวดพาหนะ การขนส่ง และการสื่อสาร,2566,100.47,100.62,100.30,100.47,99.05,98.99,99.95,101.82,101.78,100.17,98.75,97.63,,,,
51000,ค่าโดยสารสาธารณะ,2566,99.31,99.60,99.69,100.20,100.10,100.04,100.13,100.23,100.16,100.07,100.21,100.26,,,,
51100,ค่าโดยสารในท้องถิ่น,2566,99.44,99.71,99.75,100.05,100.09,100.09,100.15,100.19,100.21,100.06,100.13,100.13,,,,
51200,ค่าโดยสารนอกท้องถิ่น,2566,96.81,97.64,98.67,103.08,100.33,99.03,99.67,100.94,99.15,100.24,101.71,102.73,,,,
52000,ยานพาหนะและน้ำมันเชื้อเพลิง,2566,100.75,100.94,100.48,100.66,98.64,98.54,99.91,102.59,102.54,100.23,98.16,96.56,,,,
52100,ค่าซื้อยานพาหนะ,2566,100.00,100.00,100.00,100.00,100.00,100.00,100.00,100.00,100.00,100.00,100.00,100.00,,,,
52110,ยานพาหนะ,2566,100.01,100.01,100.00,100.00,100.00,100.00,100.00,100.00,100.00,100.00,100.00,100.00,,,,
52120,อุปกรณ์ยานพาหนะ,2566,99.92,99.90,99.99,100.01,100.06,100.07,100.02,100.00,100.01,100.01,100.00,100.00,,,,
52200,น้ำมันเชื้อเพลิง,2566,101.28,101.60,100.81,101.16,97.71,97.51,99.84,104.37,104.27,100.38,96.87,94.19,,,,
52300,ค่าบริการบำรุงรักษายานยนต์,2566,99.66,99.90,99.87,99.33,99.93,100.18,100.22,100.14,100.28,100.23,100.32,99.95,,,,
53000,ค่าภาษีและประกันภัยรถยนต์,2566,100.00,100.00,100.00,100.00,100.00,100.00,100.00,100.00,100.00,100.00,100.00,100.00,,,,
53100,ค่าภาษี,2566,100.00,100.00,100.00,100.00,100.00,100.00,100.00,100.00,100.00,100.00,100.00,100.00,,,,
53200,ค่าประกันภัยรถ,2566,100.00,100.00,100.00,100.00,100.00,100.00,100.00,100.00,100.00,100.00,100.00,100.00,,,,
53300,ค่าใช้จ่ายที่เกี่ยวกับรถ,2566,100.00,100.00,100.00,100.00,100.00,100.00,100.00,100.00,100.00,100.00,100.00,100.00,,,,
54000,การสื่อสาร,2566,99.92,99.91,99.91,99.97,99.97,100.03,100.03,100.03,100.03,100.03,100.09,100.07,,,,
54100,ค่าบริการการสื่อสาร,2566,99.91,99.91,99.91,99.97,99.97,100.03,100.03,100.03,100.03,100.03,100.09,100.07,,,,
54200,เครื่องรับอุปกรณ์สื่อสาร,2566,99.95,99.91,99.89,99.99,99.95,99.99,99.99,99.99,100.08,100.08,100.08,100.08,,,,
60000,หมวดการบันเทิงการอ่าน การศึกษา และการศาสนา,2566,99.68,99.74,99.78,99.79,100.03,100.00,100.09,100.10,100.12,100.14,100.22,100.31,,,,
61000,การบันเทิงและการอ่าน,2566,99.80,99.83,99.95,100.09,100.11,99.90,99.94,99.95,99.98,100.03,100.11,100.29,,,,
61100,ค่าธรรมเนียมและค่าสมาชิก,2566,99.91,100.07,100.07,100.07,100.14,100.14,100.07,100.02,100.02,99.83,99.83,99.83,,,,
61200,ค่าอุปกรณ์กีฬาและเครื่องเล่น,2566,98.89,99.53,99.86,99.53,99.71,99.55,99.92,100.13,100.44,100.62,100.86,100.96,,,,
61220,ของเล่น,2566,99.93,99.93,99.93,99.93,99.93,99.93,99.93,100.10,100.10,100.10,100.10,100.10,,,,
61240,ค่าการบันเทิง,2566,100.00,100.00,100.00,100.00,100.00,100.00,100.00,100.00,100.00,100.00,100.00,100.00,,,,
61250,ค่าใช้จ่ายเกี่ยวกับสัตว์เลี้ยง,2566,98.60,99.41,99.83,99.41,99.63,99.44,99.91,100.16,100.55,100.78,101.08,101.20,,,,
61260,ค่าใช้จ่ายเกี่ยวกับการทำสวนประดับบ้าน,2566,100.00,100.00,100.00,100.00,100.00,100.00,100.00,100.00,100.00,100.00,100.00,100.00,,,,
61300,ค่าอุปกรณ์การบันเทิง,2566,100.99,100.60,100.75,100.80,100.74,100.11,100.03,99.67,99.49,99.45,98.65,98.71,,,,
61400,ค่าใช้จ่ายเกี่ยวกับการอ่าน,2566,100.00,100.00,100.00,100.00,100.00,100.00,100.00,100.00,100.00,100.00,100.00,100.00,,,,
61500,ค่าใช้จ่ายในการเดินทางโอกาสพิเศษและท่องเที่ยว,2566,99.90,99.85,99.94,100.16,100.16,99.94,99.94,99.92,99.92,99.97,100.05,100.25,,,,
62000,การศึกษา,2566,99.42,99.42,99.42,99.42,99.95,100.30,100.30,100.34,100.34,100.34,100.34,100.41,,,,
62100,ค่าเล่าเรียนและค่าธรรมเนียมการศึกษา,2566,99.33,99.33,99.33,99.33,99.99,100.38,100.38,100.38,100.38,100.38,100.38,100.38,,,,
62110,การศึกษาระดับประถมศึกษา,2566,99.40,99.40,99.40,99.40,100.11,100.33,100.33,100.33,100.33,100.33,100.33,100.33,,,,
62120,การศึกษาระดับมัธยมศึกษาสายสามัญ,2566,98.65,98.65,98.65,98.65,100.09,100.76,100.76,100.76,100.76,100.76,100.76,100.76,,,,
62130,การศึกษาระดับมัธยมศึกษา ด้านเทคนิคและอาชีวะ,2566,99.38,99.38,99.38,99.38,100.08,100.34,100.34,100.34,100.34,100.34,100.34,100.34,,,,
62140,การศึกษาระดับอุดมศึกษา,2566,99.54,99.54,99.54,99.54,99.70,100.30,100.30,100.30,100.30,100.30,100.30,100.30,,,,
62150,ค่าเรียนพิเศษ,2566,100.00,100.00,100.00,100.00,100.00,100.00,100.00,100.00,100.00,100.00,100.00,100.00,,,,
62200,หนังสือและอุปกรณ์การศึกษา,2566,100.00,100.00,100.00,100.00,100.00,100.00,100.00,100.00,100.00,100.00,100.00,100.00,,,,
62210,หนังสือ,2566,100.00,100.00,100.00,100.00,100.00,100.00,100.00,100.00,100.00,100.00,100.00,100.00,,,,
62211,หนังสือแบบเรียนเอกชน,2566,100.00,100.00,100.00,100.00,100.00,100.00,100.00,100.00,100.00,100.00,100.00,100.00,,,,
62220,อุปกรณ์เกี่ยวกับการศึกษา,2566,100.00,100.00,100.00,100.00,100.00,100.00,100.00,100.00,100.00,100.00,100.00,100.00,,,,
62300,ค่าใช้จ่ายอื่น ๆ เกี่ยวกับการศึกษา,2566,98.69,98.69,98.69,98.69,98.69,99.78,99.78,100.91,100.91,100.91,100.91,103.34,,,,
63000,การศาสนา,2566,99.80,99.95,99.95,99.70,99.99,99.79,100.07,100.07,100.10,100.10,100.25,100.23,,,,
63100,ค่าอาหาร ของถวายพระ ไหว้เจ้าและอื่น ๆ,2566,99.80,99.95,99.95,99.70,99.99,99.79,100.07,100.07,100.10,100.10,100.25,100.23,,,,
63110,เครื่องถวายพระ,2566,99.80,99.95,99.95,99.70,99.99,99.79,100.07,100.07,100.10,100.10,100.25,100.23,,,,
70000,หมวดยาสูบและเครื่องดื่มมีแอลกอฮอล์,2566,99.64,99.80,99.81,99.82,99.83,99.83,99.84,99.79,100.06,100.51,100.54,100.55,,,,
71000,ผลิตภัณฑ์ยาสูบ,2566,99.50,99.50,99.50,99.50,99.50,99.50,99.50,99.50,100.02,101.31,101.34,101.34,,,,
72000,เครื่องดื่มมีแอลกอฮอลล์,2566,99.73,100.00,100.01,100.03,100.05,100.04,100.06,99.98,100.09,99.98,100.01,100.03,,,,
72100,ผลิตภัณฑ์เบียร์,2566,99.81,100.15,100.17,100.19,100.19,100.13,100.13,100.00,100.00,99.74,99.76,99.74,,,,
72200,ผลิตภัณฑ์ไวน์,2566,99.73,100.04,100.15,100.16,100.16,100.15,99.59,99.34,99.65,100.27,100.42,100.34,,,,
72300,ผลิตภัณฑ์สุรา,2566,99.52,99.58,99.58,99.58,99.67,99.79,99.88,99.95,100.35,100.60,100.67,100.82,,,,
80000,หมวดอื่น ๆ ไม่ใช่อาหาร และเครื่องดื่ม,2566,100.30,100.40,100.32,100.40,98.80,99.84,100.26,101.02,100.52,99.91,99.33,98.90,,,,
81000,ไม่รวมอาหาร เครื่องดื่ม และพลังงาน,2566,99.82,99.87,99.91,99.93,100.00,100.01,100.05,100.09,100.06,100.09,100.08,100.10,,,,
82000,อาหารและเครื่องดื่ม (ไม่รวมอาหารสด),2566,99.51,99.75,99.81,99.93,99.97,99.98,100.01,100.01,99.99,100.16,100.37,100.49,,,,
90000,กลุ่มอาหารสดและพลังงาน,2566,101.57,101.02,100.18,100.61,98.45,100.14,100.04,101.55,100.57,99.63,98.82,97.42,,,,
91000,อาหารสด,2566,101.40,100.33,99.22,99.78,100.74,100.70,99.47,99.93,99.61,99.81,100.07,98.95,,,,
92000,พลังงาน,2566,101.83,102.05,101.62,101.86,95.04,99.31,100.89,103.97,101.99,99.34,96.96,95.13,,,,
93000,ดัชนีราคาผู้บริโภคพื้นฐาน,2566,99.72,99.83,99.88,99.93,99.99,100.00,100.04,100.06,100.04,100.11,100.17,100.22,,,,